{"meta": {"format": 2, "version": "7.4.4", "timestamp": "2026-03-27T16:13:06.660039", "branch_coverage": true, "show_contexts": false}, "files": {"src/core/integers.py": {"executed_lines": [1, 2, 15, 21, 22, 23, 24, 26, 27, 29, 30, 32, 33, 34, 35, 37, 46, 47, 49, 52, 53, 55, 56, 58, 61, 62, 69, 75, 76, 77, 78, 80, 81, 83, 84, 86, 87, 88, 89, 91, 100, 102, 111, 113, 122, 124, 133, 135, 152, 153], "summary": {"covered_lines": 48, "num_statements": 48, "percent_covered": 100.0, "percent_covered_display": "100", "missing_lines": 0, "excluded_lines": 0, "num_branches": 16, "num_partial_branches": 0, "covered_branches": 16, "missing_branches": 0}, "missing_lines": [], "excluded_lines": [], "executed_branches": [[21, 22], [21, 23], [23, 24], [23, 26], [33, 34], [33, 35], [46, 47], [46, 49], [55, 56], [55, 58], [75, 76], [75, 77], [77, 78], [77, 80], [87, 88], [87, 89]], "missing_branches": []}, "src/core/module.py": {"executed_lines": [1, 21, 24, 25, 32, 44, 45, 46, 47, 49, 50, 51, 55, 57, 58, 60, 61, 62, 63, 64, 65, 67, 68, 70, 71, 73, 80, 82, 94, 95, 96, 97, 98, 99, 101, 113, 114, 115, 116, 117, 118, 120, 133, 134, 135, 137, 155, 156, 157, 158, 160, 161, 162, 163, 165, 174, 176, 192, 193, 194, 196, 210, 212, 235, 236, 237, 240, 241, 248, 259, 260, 261, 262, 263, 264, 265, 266, 268, 269, 276, 294, 295, 299, 302, 304, 305, 307, 308, 310, 314, 332, 333, 337, 340, 342, 343, 345, 346, 348, 352, 365, 367, 373, 377, 392, 393, 395, 396, 397], "summary": {"covered_lines": 106, "num_statements": 106, "percent_covered": 99.39024390243902, "percent_covered_display": "99", "missing_lines": 0, "excluded_lines": 0, "num_branches": 58, "num_partial_branches": 1, "covered_branches": 57, "missing_branches": 1}, "missing_lines": [], "excluded_lines": [], "executed_branches": [[44, 45], [44, 46], [46, 47], [46, 49], [50, 51], [50, 55], [61, 62], [61, 63], [63, 64], [63, 65], [68, -67], [80, -80], [80, -73], [80, 80], [94, 95], [94, 96], [96, 97], [96, 98], [113, 114], [113, 115], [115, 116], [115, 117], [155, 156], [155, 157], [157, 158], [157, 160], [161, 162], [161, 163], [192, 193], [192, 194], [210, -210], [210, -196], [210, 210], [235, 236], [235, 237], [259, 260], [259, 261], [261, 262], [261, 263], [263, 264], [263, 265], [294, 295], [294, 304], [295, 295], [295, 299], [295, 302], [304, 305], [304, 307], [307, 308], [307, 310], [332, 333], [332, 342], [333, 333], [333, 337], [333, 340], [342, 343], [342, 345], [345, 346], [345, 348], [392, 393], [392, 395]], "missing_branches": [[68, -68]]}, "src/core/ntt.py": {"executed_lines": [1, 12, 13, 16, 17, 20, 21, 24, 25, 26, 27, 28, 29, 30, 31, 32, 33, 34, 36, 39, 41, 44, 45, 46, 48, 49, 50, 51, 52, 53, 54, 59, 61, 63, 65, 66, 67, 70, 71, 72, 75, 78, 79, 80, 81, 82, 83, 84, 85, 86, 88, 89, 90, 91, 92, 93, 94, 95, 96, 97, 98, 99, 100, 102, 105, 106, 107, 108, 109, 110, 113, 118, 120, 121, 124, 125, 127, 130, 134, 135, 136, 137, 139, 140], "summary": {"covered_lines": 83, "num_statements": 92, "percent_covered": 86.02941176470588, "percent_covered_display": "86", "missing_lines": 9, "excluded_lines": 0, "num_branches": 44, "num_partial_branches": 10, "covered_branches": 34, "missing_branches": 10}, "missing_lines": [35, 42, 47, 56, 62, 64, 73, 119, 122], "excluded_lines": [], "executed_branches": [[28, 29], [28, 34], [29, 30], [31, 32], [31, 33], [34, 36], [41, 44], [45, 46], [46, 48], [49, 50], [49, 53], [50, 49], [50, 51], [53, 45], [53, 54], [61, 63], [63, 65], [65, 66], [65, 67], [72, 75], [79, 80], [79, 88], [81, 82], [81, 84], [85, 79], [85, 86], [89, 90], [89, 102], [92, 93], [92, 100], [94, 92], [94, 95], [118, 120], [121, 124]], "missing_branches": [[29, 33], [34, 35], [41, 42], [45, 56], [46, 47], [61, 62], [63, 64], [72, 73], [118, 119], [121, 122]]}, "src/core/polynomials.py": {"executed_lines": [1, 21, 22, 25, 26, 33, 42, 43, 44, 45, 47, 49, 50, 51, 53, 54, 56, 57, 61, 62, 63, 64, 69, 70, 72, 73, 75, 76, 77, 78, 79, 80, 81, 82, 83, 85, 94, 95, 96, 99, 101, 108, 109, 110, 111, 112, 114, 115, 116, 117, 118, 119, 121, 122, 123, 124, 125, 127, 139, 140, 141, 142, 144, 145, 146, 147, 148, 149, 150, 152, 164, 165, 166, 167, 169, 170, 171, 172, 173, 174, 175, 177, 190, 191, 193, 194, 196, 197, 198, 199, 202, 205, 206, 212, 218, 220, 229, 231, 240, 242, 251, 253, 262, 265, 266, 275, 284, 285, 286, 287, 288, 289, 290, 291, 293, 294, 296, 298, 299, 305, 306, 307, 308, 314, 315, 317, 318, 320, 321, 322, 323, 324, 325, 326, 327, 328, 330, 345, 348, 350, 351, 354, 355, 357, 358, 360, 361, 362, 365, 366, 368, 370, 377, 378, 379, 380, 381, 383, 384, 385, 386, 387, 388, 390, 391, 392, 393, 394, 396, 405, 406, 407, 410, 412, 424, 425, 426, 427, 429, 430, 431, 432, 433, 434, 435, 437, 449, 450, 451, 452, 454, 455, 456, 457, 458, 459, 460, 462, 475, 476, 478, 479, 482, 483, 484, 485, 486, 487, 493, 494, 495, 496, 501, 503, 519, 521, 544, 545, 546, 549, 550, 557, 565, 566, 567, 568, 569, 570, 572, 573, 575, 584, 586, 595, 597, 606, 608, 617, 619, 625, 627, 633], "summary": {"covered_lines": 237, "num_statements": 239, "percent_covered": 97.7961432506887, "percent_covered_display": "98", "missing_lines": 2, "excluded_lines": 0, "num_branches": 124, "num_partial_branches": 6, "covered_branches": 118, "missing_branches": 6}, "missing_lines": [488, 490], "excluded_lines": [], "executed_branches": [[42, 43], [42, 44], [44, 45], [44, 47], [50, 51], [50, 53], [53, -33], [53, 54], [62, 63], [62, 64], [70, -69], [77, 78], [77, 79], [79, 80], [79, 81], [81, 82], [81, 83], [95, 96], [95, 99], [109, 110], [109, 125], [110, 109], [110, 111], [111, 112], [111, 114], [115, 116], [115, 121], [116, 117], [116, 118], [121, 122], [139, 140], [139, 141], [141, 142], [141, 144], [146, 147], [146, 150], [164, 165], [164, 166], [166, 167], [166, 169], [171, 172], [171, 175], [190, 191], [190, 193], [193, 194], [193, 196], [197, 198], [197, 202], [198, 197], [198, 199], [284, 285], [284, 286], [286, 287], [286, 288], [288, 289], [288, 290], [290, 291], [290, 293], [306, 307], [306, 308], [315, -314], [322, 323], [322, 324], [324, 325], [324, 326], [326, 327], [326, 328], [348, 350], [348, 365], [351, 354], [351, 362], [357, 358], [357, 360], [365, 366], [365, 368], [378, 379], [378, 394], [379, 380], [380, 381], [380, 383], [384, 385], [384, 390], [385, 386], [390, 391], [406, 407], [406, 410], [424, 425], [424, 426], [426, 427], [426, 429], [431, 432], [431, 435], [449, 450], [449, 451], [451, 452], [451, 454], [456, 457], [456, 460], [475, 476], [475, 478], [478, 479], [478, 482], [482, 483], [482, 493], [494, 495], [494, 501], [495, 494], [495, 496], [519, -519], [519, -503], [519, 519], [544, 545], [544, 546], [565, 566], [565, 567], [567, 568], [567, 569], [569, 570], [569, 572]], "missing_branches": [[70, -70], [121, 123], [315, -315], [379, 378], [385, 387], [390, 392]]}, "src/core/sampling.py": {"executed_lines": [1, 7, 8, 9, 10, 12, 13, 16, 19, 21, 24, 26, 27, 29, 30, 33, 39, 40, 41, 42, 43, 46, 58, 59, 60, 61, 62, 63, 64, 66, 69, 70, 74, 75, 77, 80, 91, 94, 95, 96, 97, 98, 100, 101, 102, 103, 104, 106, 115, 119, 120, 121, 122, 124, 125, 128, 132, 133, 134, 135, 137, 138, 141, 150, 151, 152, 153, 155, 156, 157, 158, 159, 160, 161, 164, 168, 171, 174, 189, 190, 192, 193, 196, 197, 199, 201, 204, 208, 209, 211, 215, 218, 225, 226, 228, 232, 235, 242, 243, 245, 251, 260, 261, 263], "summary": {"covered_lines": 103, "num_statements": 107, "percent_covered": 95.15151515151516, "percent_covered_display": "95", "missing_lines": 4, "excluded_lines": 0, "num_branches": 58, "num_partial_branches": 4, "covered_branches": 54, "missing_branches": 4}, "missing_lines": [65, 67, 72, 92], "excluded_lines": [],