{"meta": {"format": 2, "version": "7.4.4", "timestamp": "2026-03-26T10:18:37.641649", "branch_coverage": true, "show_contexts": false}, "files": {"src/core/integers.py": {"executed_lines": [1, 2, 15, 21, 22, 23, 24, 26, 27, 29, 32, 37, 46, 47, 49, 52, 53, 55, 56, 58, 61, 62, 69, 75, 76, 77, 78, 80, 81, 83, 84, 86, 87, 89, 91, 100, 102, 111, 113, 122, 124, 133, 135, 152, 153], "summary": {"covered_lines": 43, "num_statements": 48, "percent_covered": 87.5, "percent_covered_display": "88", "missing_lines": 5, "excluded_lines": 0, "num_branches": 16, "num_partial_branches": 1, "covered_branches": 13, "missing_branches": 3}, "missing_lines": [30, 33, 34, 35, 88], "excluded_lines": [], "executed_branches": [[21, 22], [21, 23], [23, 24], [23, 26], [46, 47], [46, 49], [55, 56], [55, 58], [75, 76], [75, 77], [77, 78], [77, 80], [87, 89]], "missing_branches": [[33, 34], [33, 35], [87, 88]]}, "src/core/module.py": {"executed_lines": [1, 21, 24, 25, 32, 44, 46, 49, 50, 51, 55, 57, 58, 60, 61, 63, 65, 67, 68, 70, 71, 73, 82, 94, 96, 97, 98, 99, 101, 113, 115, 116, 117, 118, 120, 133, 134, 135, 137, 155, 157, 158, 160, 161, 162, 163, 165, 174, 176, 192, 193, 194, 196, 210, 212, 235, 236, 237, 240, 241, 248, 259, 261, 262, 263, 265, 266, 268, 276, 294, 295, 302, 304, 305, 307, 308, 314, 332, 333, 340, 342, 343, 352, 365, 367, 373, 377, 392, 393, 395, 396, 397], "summary": {"covered_lines": 89, "num_statements": 106, "percent_covered": 78.65853658536585, "percent_covered_display": "79", "missing_lines": 17, "excluded_lines": 0, "num_branches": 58, "num_partial_branches": 14, "covered_branches": 40, "missing_branches": 18}, "missing_lines": [45, 47, 62, 64, 80, 95, 114, 156, 260, 264, 269, 299, 310, 337, 345, 346, 348], "excluded_lines": [], "executed_branches": [[44, 46], [46, 49], [50, 51], [50, 55], [61, 63], [63, 65], [68, -67], [94, 96], [96, 97], [96, 98], [113, 115], [115, 116], [115, 117], [155, 157], [157, 158], [157, 160], [161, 162], [161, 163], [192, 193], [192, 194], [210, -210], [210, -196], [210, 210], [235, 236], [235, 237], [259, 261], [261, 262], [261, 263], [263, 265], [294, 295], [294, 304], [295, 295], [295, 302], [304, 305], [304, 307], [307, 308], [332, 333], [332, 342], [333, 333], [333, 340], [342, 343], [392, 393], [392, 395]], "missing_branches": [[44, 45], [46, 47], [61, 62], [63, 64], [68, -68], [80, -80], [80, -73], [94, 95], [113, 114], [155, 156], [259, 260], [263, 264], [295, 299], [307, 310], [333, 337], [342, 345], [345, 346], [345, 348]]}, "src/core/polynomials.py": {"executed_lines": [1, 21, 24, 25, 32, 41, 42, 43, 44, 46, 48, 49, 52, 53, 55, 56, 60, 61, 63, 68, 69, 71, 72, 74, 75, 76, 78, 80, 82, 84, 93, 94, 95, 98, 100, 107, 108, 109, 110, 111, 113, 114, 115, 116, 117, 118, 120, 121, 122, 123, 124, 126, 138, 140, 141, 143, 144, 145, 146, 147, 148, 149, 151, 163, 165, 166, 168, 169, 170, 171, 172, 173, 174, 176, 189, 192, 193, 195, 196, 197, 198, 201, 204, 205, 211, 217, 219, 228, 230, 239, 241, 250, 252, 261, 264, 265, 274, 283, 284, 285, 286, 287, 288, 289, 292, 293, 295, 297, 298, 304, 305, 307, 313, 314, 316, 317, 319, 320, 321, 322, 323, 325, 327, 329, 344, 347, 349, 350, 353, 354, 356, 357, 359, 360, 361, 364, 365, 367, 369, 376, 377, 378, 379, 380, 382, 383, 384, 385, 386, 387, 389, 390, 391, 392, 393, 395, 404, 405, 406, 409, 411, 423, 425, 426, 428, 429, 430, 431, 432, 433, 434, 436, 448, 450, 453, 454, 455, 456, 457, 458, 459, 461, 474, 475, 477, 478, 481, 482, 483, 484, 489, 491, 507, 509, 532, 533, 534, 537, 538, 545, 553, 554, 555, 556, 557, 558, 560, 561, 563, 572, 574, 583, 585, 594, 596, 605, 607, 613, 615, 621], "summary": {"covered_lines": 215, "num_statements": 230, "percent_covered": 89.48863636363636, "percent_covered_display": "89", "missing_lines": 15, "excluded_lines": 0, "num_branches": 122, "num_partial_branches": 22, "covered_branches": 100, "missing_branches": 22}, "missing_lines": [50, 62, 77, 79, 81, 139, 164, 190, 290, 306, 324, 326, 424, 449, 451], "excluded_lines": [], "executed_branches": [[41, 42], [41, 43], [43, 44], [43, 46], [49, 52], [52, -32], [52, 53], [61, 63], [69, -68], [76, 78], [78, 80], [80, 82], [94, 95], [94, 98], [108, 109], [108, 124], [109, 108], [109, 110], [110, 111], [110, 113], [114, 115], [114, 120], [115, 116], [115, 117], [120, 121], [138, 140], [140, 141], [140, 143], [145, 146], [145, 149], [163, 165], [165, 166], [165, 168], [170, 171], [170, 174], [189, 192], [192, 193], [192, 195], [196, 197], [196, 201], [197, 196], [197, 198], [283, 284], [283, 285], [285, 286], [285, 287], [287, 288], [287, 289], [289, 292], [305, 307], [314, -313], [321, 322], [323, 325], [325, 327], [347, 349], [347, 364], [350, 353], [350, 361], [356, 357], [356, 359], [364, 365], [364, 367], [377, 378], [377, 393], [378, 379], [379, 380], [379, 382], [383, 384], [383, 389], [384, 385], [389, 390], [405, 406], [405, 409], [423, 425], [425, 426], [425, 428], [430, 431], [430, 434], [448, 450], [450, 453], [455, 456], [455, 459], [474, 475], [474, 477], [477, 478], [477, 481], [482, 483], [482, 489], [483, 482], [483, 484], [507, -507], [507, -491], [507, 507], [532, 533], [532, 534], [553, 554], [553, 555], [555, 556], [555, 557], [557, 558], [557, 560]], "missing_branches": [[49, 50], [61, 62], [69, -69], [76, 77], [78, 79], [80, 81], [120, 122], [138, 139], [163, 164], [189, 190], [289, 290], [305, 306], [314, -314], [321, 323], [323, 324], [325, 326], [378, 377], [384, 386], [389, 391], [423, 424], [448, 449], [450, 451]]}, "src/core/sampling.py": {"executed_lines": [1, 7, 8, 9, 11, 12, 15, 17, 20, 22, 25, 26, 29, 33, 35, 38, 39, 42, 46, 48, 51, 52, 55, 64, 66, 69, 70, 71, 72, 73, 74, 75, 78, 82, 85, 88, 103, 106, 107, 110, 111, 115, 118, 122, 125, 129, 132, 139, 142, 146, 149, 156, 159, 165, 174, 177], "summary": {"covered_lines": 55, "num_statements": 68, "percent_covered": 74.50980392156863, "percent_covered_display": "75", "missing_lines": 13, "excluded_lines": 0, "num_branches": 34, "num_partial_branches": 13, "covered_branches": 21, "missing_branches": 13}, "missing_lines": [23, 34, 36, 47, 49, 65, 67, 104, 113, 123, 140, 157, 175], "excluded_lines": [], "executed_branches": [[22, 25], [33, 35], [35, 38], [46, 48], [48, 51], [64, 66], [66, 69], [71, 72], [71, 75], [72, -72], [72, 72], [72, 73], [73, -73], [73, 73], [73, 74], [103, 106], [106, 107], [106, 110], [110, 111], [122, 125], [139, 142], [156, 159], [174, 177]], "missing_branches": [[22, 23], [33, 34], [35, 36], [46, 47], [48, 49], [64, 65], [66, 67], [103, 104], [110, 113], [122, 123], [139, 140], [156, 157], [174, 175]]}, "src/core/serialization.py": {"executed_lines": [1, 7, 9, 10, 11, 14, 17, 18, 20, 21, 23, 24, 28, 30, 40, 41, 42, 45, 47, 49, 50, 53, 54, 55, 57, 58, 60, 63, 65, 66, 67, 72, 74, 75, 85, 87, 89, 90, 93, 94, 95, 96, 99, 101, 104, 106, 108, 111, 113, 116, 118, 120], "summary": {"covered_lines": 51, "num_statements": 61, "percent_covered": 75.29411764705883, "percent_covered_display": "75", "missing_lines": 10, "excluded_lines": 0, "num_branches": 24, "num_partial_branches": 11, "covered_branches": 13, "missing_branches": 11}, "missing_lines": [19, 22, 25, 48, 51, 61, 69, 91, 107, 119], "excluded_lines": [], "executed_branches": [[18, 20], [21, 23], [24, -17], [40, 41], [47, 49], [50, 53], [54, 55], [54, 57], [60, 63], [65, 66], [90, 93], [106, 108], [118, 120]], "missing_branches": [[18, 19], [21, 22], [24, 25], [40, 42], [47, 48], [50, 51], [60, 61], [65, 69], [90, 91], [106, 107], [118, 119]]}}, "totals": {"covered_lines": 453, "num_statements": 513, "percent_covered": 83.44198174706649, "percent_covered_display": "83", "missing_lines": 60, "excluded_lines": 0, "num_branches": 254, "num_partial_branches": 61, "covered_branches": 187, "missing_branches": 67}}